[
  {
    "id": "t1",
    "name": "Alex Carter",
    "slug": "alex-carter",
    "email": "alex@trainu.app",
    "city": "Chicago",
    "state": "IL",
    "avatarUrl": "https://i.pravatar.cc/150?img=1",
    "specialties": ["Strength Training", "Mobility", "Athletic Performance"],
    "verified": true,
    "rating": 4.9,
    "reviewCount": 127,
    "bio": "Former collegiate athlete with 8+ years experience. I focus on sustainable strength building and injury prevention through mobility work.",
    "socials": { 
      "instagram": "https://instagram.com/alexcarter", 
      "website": "https://alexcarter.fit" 
    },
    "gymId": "gym1"
  },
  {
    "id": "t2",
    "name": "Riley Nguyen",
    "slug": "riley-nguyen",
    "email": "riley@trainu.app",
    "city": "Evanston",
    "state": "IL",
    "avatarUrl": "https://i.pravatar.cc/150?img=2",
    "specialties": ["Weight Loss", "HIIT", "Nutrition Coaching"],
    "verified": true,
    "rating": 4.8,
    "reviewCount": 94,
    "bio": "Certified nutritionist and HIIT specialist. I help clients achieve sustainable weight loss through balanced training and nutrition.",
    "gymId": "gym1"
  },
  {
    "id": "t3",
    "name": "Jordan Kim",
    "slug": "jordan-kim",
    "email": "jordan@trainu.app",
    "city": "Chicago",
    "state": "IL",
    "avatarUrl": "https://i.pravatar.cc/150?img=3",
    "specialties": ["Powerlifting", "Olympic Lifting", "Strength"],
    "verified": true,
    "rating": 5.0,
    "reviewCount": 156,
    "bio": "National-level powerlifter. Specializing in barbell training and competition prep for strength athletes.",
    "gymId": "gym2"
  },
  {
    "id": "t4",
    "name": "Sam Patel",
    "slug": "sam-patel",
    "email": "sam@trainu.app",
    "city": "Oak Park",
    "state": "IL",
    "avatarUrl": "https://i.pravatar.cc/150?img=4",
    "specialties": ["Yoga", "Flexibility", "Mindfulness"],
    "verified": false,
    "rating": 4.7,
    "reviewCount": 68,
    "bio": "RYT-500 yoga instructor. Integrating movement, breath, and mindfulness for holistic wellness.",
    "gymId": "gym2"
  },
  {
    "id": "t5",
    "name": "Morgan Lee",
    "slug": "morgan-lee",
    "email": "morgan@trainu.app",
    "city": "Chicago",
    "state": "IL",
    "avatarUrl": "https://i.pravatar.cc/150?img=5",
    "specialties": ["CrossFit", "Endurance", "Group Training"],
    "verified": true,
    "rating": 4.9,
    "reviewCount": 203,
    "bio": "CrossFit Level 2 coach. Building resilient athletes through varied functional fitness programming.",
    "gymId": "gym3"
  },
  {
    "id": "t6",
    "name": "Casey Brooks",
    "slug": "casey-brooks",
    "email": "casey@trainu.app",
    "city": "Naperville",
    "state": "IL",
    "avatarUrl": "https://i.pravatar.cc/150?img=6",
    "specialties": ["Rehabilitation", "Corrective Exercise", "Senior Fitness"],
    "verified": true,
    "rating": 4.8,
    "reviewCount": 112,
    "bio": "Physical therapy background. Specializing in post-injury training and age-appropriate fitness programs.",
    "gymId": "gym3"
  }
]
